RUTA;DISTRIBUIDORA;GRUPO;DIVISION;PAIS;CANAL;TIPO ZONA
1.1.01;Bocadeli Quezaltepeque;GRUPO 09;SV Centro;El Salvador;Detalle;Contorno
1.1.02;Bocadeli Quezaltepeque;GRUPO 09;SV Centro;El Salvador;Detalle;Contorno
1.1.03;Bocadeli Quezaltepeque;GRUPO 10 ;SV Centro;El Salvador;Detalle;Contorno
1.1.04;Bocadeli Quezaltepeque;GRUPO 09;SV Centro;El Salvador;Detalle;Rural
1.1.05;Bocadeli Quezaltepeque;GRUPO 09;SV Centro;El Salvador;Detalle;Urbano
1.1.06;Bocadeli Soyapango;GRUPO 04;SV Centro;El Salvador;Detalle;Rural
1.1.07;Bocadeli Soyapango;GRUPO 04;SV Centro;El Salvador;Detalle;Rural
1.1.08;Bocadeli Soyapango;GRUPO 04;SV Centro;El Salvador;Detalle;Rural
1.1.09;Bocadeli Soyapango;GRUPO 03;SV Centro;El Salvador;Detalle;Urbano
1.1.10;Bocadeli Soyapango;GRUPO 03;SV Centro;El Salvador;Detalle;Contorno
1.1.11;Bocadeli Soyapango;GRUPO 03;SV Centro;El Salvador;Detalle;Urbano
1.1.12;Bocadeli Soyapango;GRUPO 03;SV Centro;El Salvador;Detalle;Urbano
1.1.13;Bocadeli Soyapango;GRUPO 05;SV Centro;El Salvador;Detalle;Contorno
1.1.14;Bocadeli Soyapango;GRUPO 03;SV Centro;El Salvador;Detalle;Urbano
1.1.15;Bocadeli Soyapango;GRUPO 03;SV Centro;El Salvador;Detalle;Urbano
1.1.16;Bocadeli Soyapango;GRUPO 04;SV Centro;El Salvador;Detalle;Urbano
1.1.17;Bocadeli Soyapango;GRUPO 03;SV Centro;El Salvador;Detalle;Contorno
1.1.18;Bocadeli Soyapango;GRUPO 04;SV Centro;El Salvador;Detalle;Urbano
1.1.19;Bocadeli Soyapango;GRUPO 04;SV Centro;El Salvador;Detalle;Urbano
1.1.20;Bocadeli Soyapango;GRUPO 05;SV Centro;El Salvador;Detalle;Urbano
1.1.21;Bocadeli Soyapango;GRUPO 03;SV Centro;El Salvador;Detalle;Urbano
1.1.22;Bocadeli Soyapango;GRUPO 01;SV Centro;El Salvador;Detalle;Urbano
1.1.23;Bocadeli Soyapango;GRUPO 01;SV Centro;El Salvador;Detalle;Urbano
1.1.24;Bocadeli Soyapango;GRUPO 02;SV Centro;El Salvador;Detalle;Contorno
1.1.25;Bocadeli Soyapango;GRUPO 02;SV Centro;El Salvador;Detalle;Contorno
1.1.26;Bocadeli Soyapango;GRUPO 02;SV Centro;El Salvador;Detalle;Urbano
1.1.27;Bocadeli Soyapango;GRUPO 01;SV Centro;El Salvador;Detalle;Rural
1.1.28;Bocadeli Soyapango;GRUPO 01;SV Centro;El Salvador;Detalle;Contorno
1.1.29;Bocadeli Soyapango;GRUPO 02;SV Centro;El Salvador;Detalle;Contorno
1.1.30;Bocadeli Soyapango;GRUPO 02;SV Centro;El Salvador;Detalle;Urbano
1.1.31;Bocadeli Soyapango;GRUPO 02;SV Centro;El Salvador;Detalle;Urbano
1.1.32;Bocadeli Soyapango;GRUPO 02;SV Centro;El Salvador;Detalle;Rural
1.1.33;Bocadeli Soyapango;GRUPO 02;SV Centro;El Salvador;Detalle;Rural
1.1.34;Bocadeli Soyapango;GRUPO 05;SV Centro;El Salvador;Detalle;Urbano
1.1.35;Bocadeli Quezaltepeque;GRUPO 05;SV Centro;El Salvador;Detalle;Urbano
1.1.36;Bocadeli Quezaltepeque;GRUPO 10 ;SV Centro;El Salvador;Detalle;Urbano
1.1.37;Bocadeli Quezaltepeque;GRUPO 05;SV Centro;El Salvador;Detalle;Contorno
1.1.38;Bocadeli Quezaltepeque;GRUPO 05;SV Centro;El Salvador;Detalle;Urbano
1.1.39;Bocadeli Soyapango;GRUPO 01;SV Centro;El Salvador;Detalle;Rural
1.1.40;Bocadeli Soyapango;GRUPO 01;SV Centro;El Salvador;Detalle;Rural
1.1.41;Bocadeli Soyapango;GRUPO 01;SV Centro;El Salvador;Detalle;Rural
1.1.42;Bocadeli Soyapango;GRUPO 01;SV Centro;El Salvador;Detalle;Rural
1.1.43;Bocadeli Soyapango;GRUPO 03;SV Centro;El Salvador;Detalle;Urbano
1.1.44;Bocadeli Quezaltepeque;GRUPO 05;SV Centro;El Salvador;Detalle;Contorno
1.1.45;Bocadeli Soyapango;GRUPO 04;SV Centro;El Salvador;Detalle;Rural
1.1.46;Bocadeli Quezaltepeque;GRUPO 09;SV Centro;El Salvador;Detalle;Contorno
1.1.47;Bocadeli Soyapango;GRUPO 05;SV Centro;El Salvador;Detalle;Rural
1.1.48;Bocadeli Soyapango;GRUPO 02;SV Centro;El Salvador;Detalle;Contorno
1.1.49;Bocadeli Soyapango;GRUPO 04;SV Centro;El Salvador;Detalle;Urbano
1.1.50;Bocadeli Quezaltepeque;GRUPO 09;SV Centro;El Salvador;Detalle;Contorno
1.1.51;Bocadeli Quezaltepeque;GRUPO 05;SV Centro;El Salvador;Detalle;Contorno
1.1.52;Bocadeli Soyapango;GRUPO 03;SV Centro;El Salvador;Detalle;Urbano
1.1.53;Bocadeli Soyapango;GRUPO 01;SV Centro;El Salvador;Detalle;Contorno
1.1.54;Bocadeli Soyapango;GRUPO 02;SV Centro;El Salvador;Detalle;Foraneo
1.1.55;Bocadeli Soyapango;GRUPO 02;SV Centro;El Salvador;Detalle;Foraneo
1.2.01;Bocadeli Quezaltepeque;GRUPO 10 ;SV Centro;El Salvador;Detalle;Rural
1.2.03;Bocadeli Quezaltepeque;GRUPO 10 ;SV Centro;El Salvador;Detalle;Foraneo
1.2.04;Bocadeli Chalatenango;GRUPO 08;SV Centro;El Salvador;Detalle;Rural
1.2.05;Bocadeli Chalatenango;GRUPO 08;SV Centro;El Salvador;Detalle;Rural
1.2.06;Bocadeli Ilobasco;GRUPO 06;SV Centro;El Salvador;Detalle;Rural
1.2.07;Bocadeli Ilobasco;GRUPO 06;SV Centro;El Salvador;Detalle;Rural
1.2.08;Bocadeli Soyapango;GRUPO 07;SV Centro;El Salvador;Detalle;Foraneo
1.2.09;Bocadeli Ilobasco;GRUPO 06;SV Centro;El Salvador;Detalle;Rural
1.2.10;Bocadeli Soyapango;GRUPO 07;SV Centro;El Salvador;Detalle;Foraneo
1.2.11;Bocadeli Chalatenango;GRUPO 05;SV Centro;El Salvador;Detalle;Foraneo
1.2.15;Bocadeli Chalatenango;GRUPO 10 ;SV Centro;El Salvador;Detalle;Rural
1.2.16;Bocadeli Ilobasco;GRUPO 06;SV Centro;El Salvador;Detalle;Rural
1.2.17;Bocadeli Chalatenango;GRUPO 08;SV Centro;El Salvador;Detalle;Rural
1.2.18;Bocadeli Soyapango;GRUPO 07;SV Centro;El Salvador;Detalle;Foraneo
1.2.19;Bocadeli Ilobasco;GRUPO 07;SV Centro;El Salvador;Detalle;Foraneo
1.2.20;Bocadeli Chalatenango;GRUPO 08;SV Centro;El Salvador;Detalle;Foraneo
1.2.21;Bocadeli Ilobasco;GRUPO 06;SV Centro;El Salvador;Detalle;Rural
1.2.22;Bocadeli Chalatenango;GRUPO 08;SV Centro;El Salvador;Detalle;Foraneo
1.2.23;Bocadeli Quezaltepeque;GRUPO 10 ;SV Centro;El Salvador;Detalle;Foraneo
1.2.25;Bocadeli Soyapango;GRUPO 01;SV Centro;El Salvador;Detalle;Foraneo
1.2.26;Bocadeli Ilobasco;GRUPO 06;SV Centro;El Salvador;Detalle;Foraneo
1.2.27;Bocadeli Chalatenango;GRUPO 08;SV Centro;El Salvador;Detalle;Rural
1.2.28;Bocadeli Quezaltepeque;GRUPO 09;SV Centro;El Salvador;Detalle;Contorno
1.2.29;Bocadeli Chalatenango;GRUPO 10 ;SV Centro;El Salvador;Detalle;Rural
1.2.30;Bocadeli Chalatenango;GRUPO 10 ;SV Centro;El Salvador;Detalle;Foraneo
1.2.31;Bocadeli Soyapango;GRUPO 04;SV Centro;El Salvador;Detalle;Foraneo
1.2.32;Bocadeli Ilobasco;GRUPO 07;SV Centro;El Salvador;Detalle;Foraneo
1.2.33;Bocadeli Soyapango;GRUPO 07;SV Centro;El Salvador;Detalle;Foraneo
1.2.34;Bocadeli Ilobasco;GRUPO 06;SV Centro;El Salvador;Detalle;Rural
1.2.35;Bocadeli Chalatenango;GRUPO 08;SV Centro;El Salvador;Detalle;Foraneo
1.2.36;Bocadeli Chalatenango;GRUPO 08;SV Centro;El Salvador;Detalle;Foraneo
1.2.37;Bocadeli Chalatenango;GRUPO 08;SV Centro;El Salvador;Detalle;Foraneo
1.2.38;Bocadeli Quezaltepeque;GRUPO 09;SV Centro;El Salvador;Detalle;Rural
1.2.39;Bocadeli Quezaltepeque;GRUPO 10 ;SV Centro;El Salvador;Detalle;Foraneo
1.2.40;Bocadeli Ilobasco;GRUPO 06;SV Centro;El Salvador;Detalle;Contorno
1.2.41;Bocadeli Quezaltepeque;GRUPO 10 ;SV Centro;El Salvador;Detalle;Foraneo
1.2.42;Bocadeli Quezaltepeque;GRUPO 05;SV Centro;El Salvador;Detalle;Contorno
1.2.43;Bocadeli Chalatenango;GRUPO 08;SV Centro;El Salvador;Detalle;Foraneo
1.2.44;Bocadeli Soyapango;GRUPO 01;SV Centro;El Salvador;Detalle;Foraneo
1.2.45;Bocadeli Ilobasco;GRUPO 06;SV Centro;El Salvador;Detalle;Contorno
1.2.46;Bocadeli Ilobasco;GRUPO 06;SV Centro;El Salvador;Detalle;Contorno
1.8.01;Bocadeli Soyapango;GRUPO 09;SV Centro;El Salvador;Preferencial;Rural
1.8.04;Bocadeli Ilobasco;GRUPO 07;SV Centro;El Salvador;Preferencial;Foraneo
1.8.05;Bocadeli Ilobasco;GRUPO 07;SV Centro;El Salvador;Preferencial;Rural
1.8.06;Bocadeli Soyapango;GRUPO 09;SV Centro;El Salvador;Preferencial;Foraneo
1.8.09;Bocadeli Soyapango;GRUPO 07;SV Centro;El Salvador;Preferencial;Foraneo
1.3.02;Bocadeli Soyapango;GRUPO 11;SV Centro;El Salvador;Mayoreo;Foraneo
1.3.04;Bocadeli Soyapango;GRUPO 11;SV Centro;El Salvador;Mayoreo;Foraneo
1.3.07;Bocadeli Soyapango;GRUPO 11;SV Centro;El Salvador;Mayoreo;Urbano
1.3.08;Bocadeli Soyapango;GRUPO 11;SV Centro;El Salvador;Mayoreo;Foraneo
1.3.09;Bocadeli Soyapango;GRUPO 11;SV Centro;El Salvador;Mayoreo;Urbano
1.4.01;Bocadeli Soyapango;GRUPO 11;SV Centro;El Salvador;Mayoreo;Foraneo
1.4.04;Bocadeli Soyapango;GRUPO 11;SV Centro;El Salvador;Mayoreo;Rural
1.4.05;Bocadeli Soyapango;GRUPO 11;SV Centro;El Salvador;Mayoreo;Foraneo
1.4.06;Bocadeli Soyapango;GRUPO 11;SV Centro;El Salvador;Mayoreo;Rural
1.9.01;Bocadeli Soyapango;GRUPO 12;SV Centro;El Salvador;Supermercados;Foraneo
1.9.02;Bocadeli Soyapango;GRUPO 12;SV Centro;El Salvador;Supermercados;Urbano
1.9.03;Bocadeli Soyapango;GRUPO 12;SV Centro;El Salvador;Supermercados;Sin zona asignada
1.9.04;Bocadeli Soyapango;GRUPO 12;SV Centro;El Salvador;Dedicada;Urbano
1.6.05;Bocadeli Soyapango;N/A;SV Centro;El Salvador;Eventos-Publicidad;Sin zona asignada
3.1.01;Bocadeli Santa Ana;GRUPO 01;SV Occidente;El Salvador;Detalle;Urbano
3.1.02;Bocadeli Santa Ana;GRUPO 03;SV Occidente;El Salvador;Detalle;Foraneo
3.1.03;Bocadeli Santa Ana;GRUPO 03;SV Occidente;El Salvador;Detalle;Urbano
3.1.04;Bocadeli Santa Ana;GRUPO 01;SV Occidente;El Salvador;Detalle;Contorno
3.1.05;Bocadeli Santa Ana;GRUPO 01;SV Occidente;El Salvador;Detalle;Contorno
3.1.06;Bocadeli Santa Ana;GRUPO 01;SV Occidente;El Salvador;Detalle;Urbano
3.1.07;Bocadeli Santa Ana;GRUPO 01;SV Occidente;El Salvador;Detalle;Contorno
3.1.08;Bocadeli Santa Ana;GRUPO 03;SV Occidente;El Salvador;Detalle;Urbano
3.2.01;Bocadeli Santa Ana;GRUPO 02;SV Occidente;El Salvador;Detalle;Foraneo
3.2.02;Bocadeli Santa Ana;GRUPO 01;SV Occidente;El Salvador;Detalle;Contorno
3.2.03;Bocadeli Santa Ana;GRUPO 03;SV Occidente;El Salvador;Detalle;Rural
3.2.04;Bocadeli Santa Ana;GRUPO 03;SV Occidente;El Salvador;Detalle;Rural
3.2.05;Bocadeli Santa Ana;GRUPO 02;SV Occidente;El Salvador;Detalle;Rural
3.2.06;Bocadeli Sonsonate;GRUPO 04;SV Occidente;El Salvador;Detalle;Foraneo
3.2.07;Bocadeli Sonsonate;GRUPO 04;SV Occidente;El Salvador;Detalle;Foraneo
3.2.08;Bocadeli Sonsonate;GRUPO 04;SV Occidente;El Salvador;Detalle;Contorno
3.2.09;Bocadeli Sonsonate;GRUPO 05;SV Occidente;El Salvador;Detalle;Foraneo
3.2.10;Bocadeli Sonsonate;GRUPO 04;SV Occidente;El Salvador;Detalle;Foraneo
3.2.11;Bocadeli Sonsonate;GRUPO 04;SV Occidente;El Salvador;Detalle;Foraneo
3.2.12;Bocadeli Santa Ana;GRUPO 03;SV Occidente;El Salvador;Detalle;Rural
3.2.13;Bocadeli Sonsonate;GRUPO 05;SV Occidente;El Salvador;Detalle;Contorno
3.2.14;Bocadeli Santa Ana;GRUPO 02;SV Occidente;El Salvador;Detalle;Foraneo
3.2.15;Bocadeli Sonsonate;GRUPO 05;SV Occidente;El Salvador;Detalle;Urbano
3.2.16;Bocadeli Sonsonate;GRUPO 04;SV Occidente;El Salvador;Detalle;Foraneo
3.2.17;Bocadeli Santa Ana;GRUPO 01;SV Occidente;El Salvador;Detalle;Urbano
3.2.18;Bocadeli Sonsonate;GRUPO 05;SV Occidente;El Salvador;Detalle;Contorno
3.2.19;Bocadeli Santa Ana;GRUPO 02;SV Occidente;El Salvador;Detalle;Contorno
3.2.20;Bocadeli Santa Ana;GRUPO 02;SV Occidente;El Salvador;Detalle;Foraneo
3.2.21;Bocadeli Sonsonate;GRUPO 05;SV Occidente;El Salvador;Detalle;Foraneo
3.2.22;Bocadeli Santa Ana;GRUPO 03;SV Occidente;El Salvador;Detalle;Foraneo
3.2.23;Bocadeli Santa Ana;GRUPO 02;SV Occidente;El Salvador;Detalle;Foraneo
3.2.24;Bocadeli Santa Ana;GRUPO 03;SV Occidente;El Salvador;Detalle;Rural
3.2.25;Bocadeli Sonsonate;GRUPO 05;SV Occidente;El Salvador;Detalle;Urbano
3.2.26;Bocadeli Sonsonate;GRUPO 05;SV Occidente;El Salvador;Detalle;Foraneo
3.2.27;Bocadeli Sonsonate;GRUPO 04;SV Occidente;El Salvador;Detalle;Foraneo
3.2.28;Bocadeli Santa Ana;GRUPO 02;SV Occidente;El Salvador;Detalle;Foraneo
3.2.29;Bocadeli Santa Ana;GRUPO 01;SV Occidente;El Salvador;Detalle;Contorno
3.2.30;Bocadeli Sonsonate;GRUPO 04;SV Occidente;El Salvador;Detalle;Contorno
3.2.31;Bocadeli Sonsonate;GRUPO 04;SV Occidente;El Salvador;Detalle;Foraneo
3.2.32;Bocadeli Sonsonate;GRUPO 05;SV Occidente;El Salvador;Detalle;Foraneo
3.2.33;Bocadeli Santa Ana;GRUPO 02;SV Occidente;El Salvador;Detalle;Foraneo
3.2.34;Bocadeli Santa Ana;GRUPO 02;SV Occidente;El Salvador;Detalle;Contorno
3.3.08;Bocadeli Santa Ana;GRUPO 06;SV Occidente;El Salvador;Mayoreo;Urbano
3.3.05;Bocadeli Santa Ana;GRUPO 06;SV Occidente;El Salvador;Mayoreo;Urbano
3.9.01;Bocadeli Santa Ana;GRUPO 06;SV Occidente;El Salvador;Dedicada;Urbano
3.3.07;Bocadeli Sonsonate;GRUPO 06;SV Occidente;El Salvador;Mayoreo;Urbano
2.1.01;Bocadeli San Miguel;GRUPO 02;SV Oriente;El Salvador;Detalle;Contorno
2.1.02;Bocadeli San Miguel;GRUPO 01;SV Oriente;El Salvador;Detalle;Contorno
2.1.03;Bocadeli San Miguel;GRUPO 01;SV Oriente;El Salvador;Detalle;Contorno
2.1.04;Bocadeli San Miguel;GRUPO 01;SV Oriente;El Salvador;Detalle;Contorno
2.1.05;Bocadeli San Miguel;GRUPO 02;SV Oriente;El Salvador;Detalle;Contorno
2.1.06;Bocadeli San Miguel;GRUPO 01;SV Oriente;El Salvador;Detalle;Contorno
2.1.07;Bocadeli San Miguel;GRUPO 02;SV Oriente;El Salvador;Detalle;Contorno
2.1.08;Bocadeli San Miguel;GRUPO 01;SV Oriente;El Salvador;Detalle;Urbano
2.1.09;Bocadeli San Miguel;GRUPO 01;SV Oriente;El Salvador;Detalle;Urbano
2.1.10;Bocadeli San Miguel;GRUPO 01;SV Oriente;El Salvador;Detalle;Contorno
2.1.11;Bocadeli San Miguel;GRUPO 01;SV Oriente;El Salvador;Detalle;Urbano
2.2.02;Bocadeli San Miguel;GRUPO 03;SV Oriente;El Salvador;Detalle;Foraneo
2.2.03;Bocadeli San Miguel;GRUPO 02;SV Oriente;El Salvador;Detalle;Foraneo
2.2.04;Bocadeli Usulutan;GRUPO 03;SV Oriente;El Salvador;Detalle;Contorno
2.2.05;Bocadeli Usulutan;GRUPO 03;SV Oriente;El Salvador;Detalle;Foraneo
2.2.06;Bocadeli San Miguel;GRUPO 04;SV Oriente;El Salvador;Detalle;Rural
2.2.08;Bocadeli San Miguel;GRUPO 04;SV Oriente;El Salvador;Detalle;Foraneo
2.2.09;Bocadeli San Miguel;GRUPO 04;SV Oriente;El Salvador;Detalle;Rural
2.2.10;Bocadeli San Miguel;GRUPO 04;SV Oriente;El Salvador;Detalle;Foraneo
2.2.12;Bocadeli Usulutan;GRUPO 03;SV Oriente;El Salvador;Detalle;Rural
2.2.13;Bocadeli San Miguel;GRUPO 04;SV Oriente;El Salvador;Detalle;Rural
2.2.14;Bocadeli Usulutan;GRUPO 03;SV Oriente;El Salvador;Detalle;Contorno
2.2.15;Bocadeli San Miguel;GRUPO 04;SV Oriente;El Salvador;Detalle;Foraneo
2.2.16;Bocadeli Usulutan;GRUPO 03;SV Oriente;El Salvador;Detalle;Foraneo
2.2.17;Bocadeli Usulutan;GRUPO 03;SV Oriente;El Salvador;Detalle;Rural
2.2.18;Bocadeli San Miguel;GRUPO 02;SV Oriente;El Salvador;Detalle;Rural
2.2.19;Bocadeli San Miguel;GRUPO 02;SV Oriente;El Salvador;Detalle;Foraneo
2.2.20;Bocadeli San Miguel;GRUPO 04;SV Oriente;El Salvador;Detalle;Foraneo
2.2.21;Bocadeli San Miguel;GRUPO 02;SV Oriente;El Salvador;Detalle;Rural
2.2.22;Bocadeli Usulutan;GRUPO 03;SV Oriente;El Salvador;Detalle;Foraneo
2.2.23;Bocadeli San Miguel;GRUPO 02;SV Oriente;El Salvador;Detalle;Rural
2.2.24;Bocadeli San Miguel;GRUPO 04;SV Oriente;El Salvador;Detalle;Foraneo
2.2.25;Bocadeli Usulutan;GRUPO 03;SV Oriente;El Salvador;Detalle;Foraneo
2.2.26;Bocadeli Usulutan;GRUPO 03;SV Oriente;El Salvador;Detalle;Foraneo
2.2.27;Bocadeli Usulutan;GRUPO 03;SV Oriente;El Salvador;Detalle;Foraneo
2.2.28;Bocadeli San Miguel;GRUPO 04;SV Oriente;El Salvador;Detalle;Foraneo
2.2.29;Bocadeli San Miguel;GRUPO 02;SV Oriente;El Salvador;Detalle;Rural
2.8.01;Bocadeli San Miguel;GRUPO 02;SV Oriente;El Salvador;Preferencial;Rural
2.8.03;Bocadeli San Miguel;GRUPO 04;SV Oriente;El Salvador;Preferencial;Rural
2.8.05;Bocadeli San Miguel;GRUPO 02;SV Oriente;El Salvador;Preferencial;Rural
2.3.03;Bocadeli San Miguel;GRUPO 05;SV Oriente;El Salvador;Mayoreo;Urbano
2.4.03;Bocadeli San Miguel;GRUPO 05;SV Oriente;El Salvador;Mayoreo;Foraneo
2.4.04;Bocadeli San Miguel;GRUPO 05;SV Oriente;El Salvador;Mayoreo;Foraneo
2.4.06;Bocadeli San Miguel;GRUPO 05;SV Oriente;El Salvador;Mayoreo;Foraneo
2.9.01;Bocadeli San Miguel;GRUPO 05;SV Oriente;El Salvador;Dedicada;Contorno
4.1.38;Bocadeli Karante;GRUPO 12;GT Centro;Guatemala;Detalle;Urbano
4.1.39;Bocadeli Karante;GRUPO 02;GT Centro;Guatemala;Detalle;Contorno
4.1.41;Bocadeli Karante;GRUPO 09;GT Centro;Guatemala;Detalle;Urbano
4.1.42;Bocadeli Karante;GRUPO 07;GT Centro;Guatemala;Detalle;Contorno
4.1.43;Bocadeli Escuintla;GRUPO 10;GT Centro;Guatemala;Detalle;Foraneo
4.1.44;Bocadeli Karante;GRUPO 02;GT Centro;Guatemala;Detalle;Contorno
4.1.45;Bocadeli Karante;GRUPO 03;GT Centro;Guatemala;Detalle;Urbano
4.1.46;Bocadeli Karante;GRUPO 02;GT Centro;Guatemala;Detalle;Urbano
4.1.47;Bocadeli Karante;GRUPO 12;GT Centro;Guatemala;Detalle;Urbano
4.1.48;Bocadeli Karante;GRUPO 09;GT Centro;Guatemala;Detalle;Urbano
4.1.49;Bocadeli Karante;GRUPO 12;GT Centro;Guatemala;Detalle;Foraneo
4.1.50;Bocadeli Karante;GRUPO 12;GT Centro;Guatemala;Detalle;Rural
4.1.52;Bocadeli Karante;GRUPO 02;GT Centro;Guatemala;Detalle;Contorno
4.1.55;Bocadeli Karante;GRUPO 09;GT Centro;Guatemala;Detalle;Urbano
4.1.57;Bocadeli Karante;GRUPO 07;GT Centro;Guatemala;Detalle;Rural
4.1.58;Bocadeli Karante;GRUPO 09;GT Centro;Guatemala;Detalle;Urbano
4.1.59;Bocadeli Karante;GRUPO 12;GT Centro;Guatemala;Detalle;Foraneo
4.1.60;Bocadeli Jutiapa;GRUPO 05;GT Centro;Guatemala;Detalle;Contorno
4.1.61;Bocadeli Chimaltenango;GRUPO 01;GT Centro;Guatemala;Detalle;Foraneo
4.1.62;Bocadeli Jutiapa;GRUPO 05;GT Centro;Guatemala;Detalle;Contorno
4.1.63;Bocadeli Karante;GRUPO 07;GT Centro;Guatemala;Detalle;Rural
4.1.64;Bocadeli Karante;GRUPO 12;GT Centro;Guatemala;Detalle;Contorno
4.1.65;Bocadeli Karante;GRUPO 02;GT Centro;Guatemala;Detalle;Rural
4.1.66;Bocadeli Karante;GRUPO 02;GT Centro;Guatemala;Detalle;Urbano
4.1.67;Bocadeli Jutiapa;GRUPO 05;GT Centro;Guatemala;Detalle;Rural
4.1.68;Bocadeli Chimaltenango;GRUPO 11;GT Centro;Guatemala;Detalle;Contorno
4.1.69;Bocadeli Karante;GRUPO 03;GT Centro;Guatemala;Detalle;Urbano
4.1.70;Bocadeli Karante;GRUPO 12;GT Centro;Guatemala;Detalle;Urbano
4.1.71;Bocadeli Karante;GRUPO 07;GT Centro;Guatemala;Detalle;Contorno
4.1.72;Bocadeli Chimaltenango;GRUPO 01;GT Centro;Guatemala;Detalle;Urbano
4.1.73;Bocadeli Karante;GRUPO 09;GT Centro;Guatemala;Detalle;Urbano
4.1.74;Bocadeli Karante;GRUPO 09;GT Centro;Guatemala;Detalle;Urbano
4.1.75;Bocadeli Karante;GRUPO 02;GT Centro;Guatemala;Detalle;Contorno
4.1.76;Bocadeli Karante;GRUPO 07;GT Centro;Guatemala;Detalle;Rural
4.1.77;Bocadeli Karante;GRUPO 12;GT Centro;Guatemala;Detalle;Rural
4.1.78;Bocadeli Karante;GRUPO 02;GT Centro;Guatemala;Detalle;Contorno
4.1.79;Bocadeli Karante;GRUPO 03;GT Centro;Guatemala;Detalle;Contorno
4.1.80;Bocadeli Karante;GRUPO 09;GT Centro;Guatemala;Detalle;Contorno
4.1.81;Bocadeli Chimaltenango;GRUPO 11;GT Centro;Guatemala;Detalle;Rural
4.1.82;Bocadeli Chimaltenango;GRUPO 01;GT Centro;Guatemala;Detalle;Foraneo
4.1.83;Bocadeli Chimaltenango;GRUPO 01;GT Centro;Guatemala;Detalle;Foraneo
4.1.84;Bocadeli Chimaltenango;GRUPO 11;GT Centro;Guatemala;Detalle;Urbano
4.1.85;Bocadeli Chimaltenango;GRUPO 01;GT Centro;Guatemala;Detalle;Urbano
4.1.86;Bocadeli Chimaltenango;GRUPO 11;GT Centro;Guatemala;Detalle;Contorno
4.1.87;Bocadeli Chimaltenango;GRUPO 01;GT Centro;Guatemala;Detalle;Contorno
4.1.88;Bocadeli Chimaltenango;GRUPO 01;GT Centro;Guatemala;Detalle;Contorno
4.1.89;Bocadeli Chimaltenango;GRUPO 01;GT Centro;Guatemala;Detalle;Contorno
4.1.90;Bocadeli Karante;GRUPO 07;GT Centro;Guatemala;Detalle;Urbano
4.1.91;Bocadeli Karante;GRUPO 02;GT Centro;Guatemala;Detalle;Urbano
4.1.92;Bocadeli Chimaltenango;GRUPO 11;GT Centro;Guatemala;Detalle;Urbano
4.1.93;Bocadeli Chimaltenango;GRUPO 11;GT Centro;Guatemala;Detalle;Contorno
4.1.94;Bocadeli Karante;GRUPO 07;GT Centro;Guatemala;Detalle;Foraneo
4.1.95;Bocadeli Karante;GRUPO 03;GT Centro;Guatemala;Detalle;Urbano
4.1.96;Bocadeli Karante;GRUPO 07;GT Centro;Guatemala;Detalle;Foraneo
4.1.97;Bocadeli Karante;GRUPO 02;GT Centro;Guatemala;Detalle;Sin zona asignada
4.2.07;Bocadeli Escuintla;GRUPO 06;GT Centro;Guatemala;Detalle;Foraneo
4.2.11;Bocadeli Escuintla;GRUPO 06;GT Centro;Guatemala;Detalle;Foraneo
4.2.13;Bocadeli Escuintla;GRUPO 10;GT Centro;Guatemala;Detalle;Rural
4.2.14;Bocadeli Escuintla;GRUPO 06;GT Centro;Guatemala;Detalle;Foraneo
4.2.18;Bocadeli Escuintla;GRUPO 10;GT Centro;Guatemala;Detalle;Contorno
4.2.55;Bocadeli Escuintla;GRUPO 10;GT Centro;Guatemala;Detalle;Foraneo
4.2.56;Bocadeli Escuintla;GRUPO 10;GT Centro;Guatemala;Detalle;Urbano
4.2.57;Bocadeli Escuintla;GRUPO 10;GT Centro;Guatemala;Detalle;Foraneo
4.2.58;Bocadeli Escuintla;GRUPO 06;GT Centro;Guatemala;Detalle;Contorno
4.2.59;Bocadeli Escuintla;GRUPO 10;GT Centro;Guatemala;Detalle;Foraneo
4.2.60;Bocadeli Jutiapa;GRUPO 08;GT Centro;Guatemala;Detalle;Contorno
4.2.61;Bocadeli Jutiapa;GRUPO 08;GT Centro;Guatemala;Detalle;Rural
4.2.62;Bocadeli Escuintla;GRUPO 10;GT Centro;Guatemala;Detalle;Foraneo
4.2.63;Bocadeli Jutiapa;GRUPO 08;GT Centro;Guatemala;Detalle;Contorno
4.2.64;Bocadeli Escuintla;GRUPO 10;GT Centro;Guatemala;Detalle;Foraneo
4.2.65;Bocadeli Jutiapa;GRUPO 05;GT Centro;Guatemala;Detalle;Rural
4.2.66;Bocadeli Escuintla;GRUPO 06;GT Centro;Guatemala;Detalle;Foraneo
4.2.67;Bocadeli Jutiapa;GRUPO 08;GT Centro;Guatemala;Detalle;Rural
4.2.68;Bocadeli Chimaltenango;GRUPO 11;GT Centro;Guatemala;Detalle;Foraneo
4.2.69;Bocadeli Jutiapa;GRUPO 08;GT Centro;Guatemala;Detalle;Contorno
4.2.70;Bocadeli Escuintla;GRUPO 10;GT Centro;Guatemala;Detalle;Contorno
4.2.71;Bocadeli Jutiapa;GRUPO 13;GT Centro;Guatemala;Detalle;Rural
4.2.72;Bocadeli Jutiapa;GRUPO 13;GT Centro;Guatemala;Detalle;Rural
4.2.73;Bocadeli Jutiapa;GRUPO 05;GT Centro;Guatemala;Detalle;Rural
4.2.74;Bocadeli Escuintla;GRUPO 06;GT Centro;Guatemala;Detalle;Foraneo
4.2.75;Bocadeli Escuintla;GRUPO 10;GT Centro;Guatemala;Detalle;Urbano
4.2.76;Bocadeli Jutiapa;GRUPO 08;GT Centro;Guatemala;Detalle;Foraneo
4.2.77;Bocadeli Jutiapa;GRUPO 13;GT Centro;Guatemala;Detalle;Urbano
4.2.78;Bocadeli Jutiapa;GRUPO 08;GT Centro;Guatemala;Detalle;Foraneo
4.2.79;Bocadeli Jutiapa;GRUPO 05;GT Centro;Guatemala;Detalle;Foraneo
4.2.80;Bocadeli Chimaltenango;GRUPO 01;GT Centro;Guatemala;Detalle;Urbano
4.2.81;Bocadeli Chimaltenango;GRUPO 11;GT Centro;Guatemala;Detalle;Contorno
4.2.82;Bocadeli Chimaltenango;GRUPO 01;GT Centro;Guatemala;Detalle;Contorno
4.2.83;Bocadeli Escuintla;GRUPO 10;GT Centro;Guatemala;Detalle;Foraneo
4.2.84;Bocadeli Escuintla;GRUPO 06;GT Centro;Guatemala;Detalle;Rural
4.2.85;Bocadeli Escuintla;GRUPO 06;GT Centro;Guatemala;Detalle;Sin zona asignada
4.2.86;Bocadeli Escuintla;GRUPO 10;GT Centro;Guatemala;Detalle;Sin zona asignada
4.2.87;Bocadeli Chimaltenango;GRUPO 11;GT Centro;Guatemala;Detalle;Contorno
4.3.03;Bocadeli Karante;GRUPO 04;GT Centro;Guatemala;Mayoreo;Urbano
4.3.04;Bocadeli Karante;GRUPO 04;GT Centro;Guatemala;Mayoreo;Contorno
4.3.12;Bocadeli Karante;GRUPO 04;GT Centro;Guatemala;Mayoreo;Contorno
4.4.01;Bocadeli Jutiapa;GRUPO 05;GT Centro;Guatemala;Mayoreo;Rural
4.4.02;Bocadeli Escuintla;GRUPO 06;GT Centro;Guatemala;Mayoreo;Foraneo
4.4.07;Bocadeli Jutiapa;GRUPO 08;GT Centro;Guatemala;Mayoreo;Foraneo
4.4.09;Bocadeli Karante;GRUPO 04;GT Centro;Guatemala;Mayoreo;Foraneo
4.4.12;Bocadeli Escuintla;GRUPO 06;GT Centro;Guatemala;Mayoreo;Urbano
4.7.119;Bocadeli Karante;GRUPO 09;GT Centro;Guatemala;Preferencial;Contorno
4.7.120;Bocadeli Karante;GRUPO 12;GT Centro;Guatemala;Preferencial;Urbano
4.7.124;Bocadeli Chimaltenango;GRUPO 11;GT Centro;Guatemala;Preferencial;Rural
4.7.127;Bocadeli Karante;GRUPO 09;GT Centro;Guatemala;Preferencial;Contorno
4.7.130;Bocadeli Karante;GRUPO 03;GT Centro;Guatemala;Preferencial;Rural
4.7.132;Bocadeli Chimaltenango;GRUPO 11;GT Centro;Guatemala;Preferencial;Urbano
4.7.134;Bocadeli Karante;GRUPO 03;GT Centro;Guatemala;Preferencial;Rural
4.7.135;Bocadeli Karante;GRUPO 03;GT Centro;Guatemala;Preferencial;Rural
4.7.137;Bocadeli Chimaltenango;GRUPO 01;GT Centro;Guatemala;Preferencial;Foraneo
4.7.138;Bocadeli Chimaltenango;GRUPO 01;GT Centro;Guatemala;Preferencial;Rural
4.7.139;Bocadeli Karante;GRUPO 03;GT Centro;Guatemala;Preferencial;Rural
4.7.141;Bocadeli Karante;GRUPO 03;GT Centro;Guatemala;Preferencial;Contorno
4.7.52;Bocadeli Karante;GRUPO 07;GT Centro;Guatemala;Preferencial;Contorno
4.7.54;Bocadeli Karante;GRUPO 12;GT Centro;Guatemala;Preferencial;Contorno
4.7.64;Bocadeli Karante;GRUPO 02;GT Centro;Guatemala;Preferencial;Contorno
4.8.101;Bocadeli Escuintla;GRUPO 06;GT Centro;Guatemala;Preferencial;Foraneo
4.8.105;Bocadeli Jutiapa;GRUPO 13;GT Centro;Guatemala;Preferencial;Rural
4.8.119;Bocadeli Jutiapa;GRUPO 08;GT Centro;Guatemala;Preferencial;Foraneo
4.8.127;Bocadeli Jutiapa;GRUPO 13;GT Centro;Guatemala;Preferencial;Foraneo
4.8.128;Bocadeli Escuintla;GRUPO 06;GT Centro;Guatemala;Preferencial;Foraneo
4.8.129;Bocadeli Escuintla;GRUPO 06;GT Centro;Guatemala;Preferencial;Foraneo
4.8.130;Bocadeli Jutiapa;GRUPO 13;GT Centro;Guatemala;Preferencial;Rural
4.8.134;Bocadeli Jutiapa;GRUPO 05;GT Centro;Guatemala;Preferencial;Foraneo
4.8.135;Bocadeli Jutiapa;GRUPO 13;GT Centro;Guatemala;Preferencial;Rural
4.8.22;Bocadeli Jutiapa;GRUPO 08;GT Centro;Guatemala;Preferencial;Foraneo
4.8.38;Bocadeli Jutiapa;GRUPO 08;GT Centro;Guatemala;Preferencial;Rural
4.8.71;Bocadeli Jutiapa;GRUPO 13;GT Centro;Guatemala;Preferencial;Rural
4.9.01;Bocadeli Karante;GRUPO 09;GT Centro;Guatemala;Dedicada;Urbano
4.9.02;Bocadeli Karante;GRUPO 07;GT Centro;Guatemala;Dedicada;Sin zona asignada
4.9.03;Bocadeli Chimaltenango;GRUPO 11;GT Centro;Guatemala;Dedicada;Sin zona asignada
4.9.04;Bocadeli Escuintla;GRUPO 10;GT Centro;Guatemala;Dedicada;Urbano
4.9.05;Bocadeli Karante;GRUPO 03;GT Centro;Guatemala;Dedicada;Sin zona asignada
5.2.38;Bocadeli Quetzaltengo;GRUPO 07;GT Sur;Guatemala;Detalle;Foraneo
5.2.57;Bocadeli Quetzaltengo;GRUPO 07;GT Sur;Guatemala;Detalle;Foraneo
5.2.61;Bocadeli Quetzaltengo;GRUPO 07;GT Sur;Guatemala;Detalle;Rural
5.2.77;Bocadeli Quetzaltengo;GRUPO 02;GT Sur;Guatemala;Detalle;Urbano
5.2.78;Bocadeli Quetzaltengo;GRUPO 06;GT Sur;Guatemala;Detalle;Contorno
5.2.79;Bocadeli Quetzaltengo;GRUPO 03;GT Sur;Guatemala;Detalle;Foraneo
5.2.55;Bocadeli Coatepeque;GRUPO 11;GT Sur;Guatemala;Detalle;Foraneo
5.2.59;Bocadeli Coatepeque;GRUPO 09;GT Sur;Guatemala;Detalle;Urbano
5.2.60;Bocadeli Coatepeque;GRUPO 11;GT Sur;Guatemala;Detalle;Foraneo
5.2.64;Bocadeli Coatepeque;GRUPO 03;GT Sur;Guatemala;Detalle;Contorno
5.2.66;Bocadeli Coatepeque;GRUPO 03;GT Sur;Guatemala;Detalle;Foraneo
5.2.67;Bocadeli Coatepeque;GRUPO 09;GT Sur;Guatemala;Detalle;Foraneo
5.2.68;Bocadeli Coatepeque;GRUPO 03;GT Sur;Guatemala;Detalle;Contorno
5.2.72;Bocadeli Coatepeque;GRUPO 03;GT Sur;Guatemala;Detalle;Foraneo
5.2.29;Bocadeli Huehuetenango;GRUPO 10;GT Sur;Guatemala;Detalle;Urbano
5.2.62;Bocadeli Huehuetenango;GRUPO 01;GT Sur;Guatemala;Detalle;Contorno
5.2.50;Bocadeli Coatepeque;GRUPO 03;GT Sur;Guatemala;Detalle;Foraneo
5.2.65;Bocadeli Huehuetenango;GRUPO 10;GT Sur;Guatemala;Detalle;Contorno
5.2.74;Bocadeli Huehuetenango;GRUPO 05;GT Sur;Guatemala;Detalle;Foraneo
5.2.80;Bocadeli Quiche;GRUPO 04;GT Sur;Guatemala;Detalle;Rural
5.2.81;Bocadeli Quiche;GRUPO 04;GT Sur;Guatemala;Detalle;Rural
5.2.82;Bocadeli Quiche;GRUPO 04;GT Sur;Guatemala;Detalle;Sin zona asignada
5.2.83;Bocadeli Quiche;N/A;GT Sur;Guatemala;Detalle;Sin zona asignada
5.2.84;Bocadeli Coatepeque;N/A;GT Sur;Guatemala;Detalle;Sin zona asignada
5.2.85;Bocadeli Quetzaltengo;N/A;GT Sur;Guatemala;Detalle;Sin zona asignada
5.2.86;Bocadeli Coatepeque;N/A;GT Sur;Guatemala;Detalle;Sin zona asignada
5.2.69;Bocadeli Coatepeque;GRUPO 03;GT Sur;Guatemala;Detalle;Contorno
5.2.71;Bocadeli Coatepeque;GRUPO 03;GT Sur;Guatemala;Detalle;Contorno
5.2.73;Bocadeli Huehuetenango;GRUPO 01;GT Sur;Guatemala;Detalle;Contorno
5.2.75;Bocadeli Huehuetenango;GRUPO 04;GT Sur;Guatemala;Detalle;Foraneo
5.2.76;Bocadeli Huehuetenango;GRUPO 04;GT Sur;Guatemala;Detalle;Foraneo
5.2.16;Bocadeli Quiche;GRUPO 06;GT Sur;Guatemala;Detalle;Foraneo
5.2.70;Bocadeli Quiche;GRUPO 06;GT Sur;Guatemala;Detalle;Foraneo
5.8.01;Bocadeli Coatepeque;GRUPO 10;GT Sur;Guatemala;Preferencial;Rural
5.8.11;Bocadeli Coatepeque;GRUPO 09;GT Sur;Guatemala;Preferencial;Contorno
5.8.12;Bocadeli Coatepeque;GRUPO 11;GT Sur;Guatemala;Preferencial;Contorno
5.8.68;Bocadeli Coatepeque;GRUPO 03;GT Sur;Guatemala;Preferencial;Foraneo
5.8.22;Bocadeli Coatepeque;GRUPO 11;GT Sur;Guatemala;Preferencial;Foraneo
5.8.51;Bocadeli Huehuetenango;GRUPO 01;GT Sur;Guatemala;Preferencial;Contorno
5.8.23;Bocadeli Coatepeque;GRUPO 11;GT Sur;Guatemala;Preferencial;Foraneo
5.8.25;Bocadeli Quetzaltengo;GRUPO 07;GT Sur;Guatemala;Preferencial;Rural
5.8.24;Bocadeli Coatepeque;GRUPO 11;GT Sur;Guatemala;Preferencial;Foraneo
5.8.62;Bocadeli Huehuetenango;GRUPO 05;GT Sur;Guatemala;Preferencial;Foraneo
5.8.64;Bocadeli Huehuetenango;GRUPO 01;GT Sur;Guatemala;Preferencial;Foraneo
5.8.84;Bocadeli Quetzaltengo;GRUPO 07;GT Sur;Guatemala;Preferencial;Foraneo
5.8.65;Bocadeli Huehuetenango;GRUPO 10;GT Sur;Guatemala;Preferencial;Foraneo
5.8.89;Bocadeli Huehuetenango;GRUPO 05;GT Sur;Guatemala;Preferencial;Foraneo
5.8.86;Bocadeli Quetzaltengo;GRUPO 07;GT Sur;Guatemala;Preferencial;Foraneo
5.8.67;Bocadeli Huehuetenango;GRUPO 05;GT Sur;Guatemala;Preferencial;Foraneo
5.8.30;Bocadeli Coatepeque;GRUPO 03;GT Sur;Guatemala;Preferencial;Rural
5.8.69;Bocadeli Huehuetenango;GRUPO 05;GT Sur;Guatemala;Preferencial;Foraneo
5.8.70;Bocadeli Huehuetenango;GRUPO 10;GT Sur;Guatemala;Preferencial;Contorno
5.8.74;Bocadeli Huehuetenango;GRUPO 10;GT Sur;Guatemala;Preferencial;Rural
5.8.40;Bocadeli Coatepeque;GRUPO 09;GT Sur;Guatemala;Preferencial;Foraneo
5.8.45;Bocadeli Coatepeque;GRUPO 09;GT Sur;Guatemala;Preferencial;Foraneo
5.8.46;Bocadeli Coatepeque;GRUPO 09;GT Sur;Guatemala;Preferencial;Urbano
5.8.75;Bocadeli Huehuetenango;GRUPO 01;GT Sur;Guatemala;Preferencial;Rural
5.8.50;Bocadeli Coatepeque;GRUPO 09;GT Sur;Guatemala;Preferencial;Contorno
5.8.54;Bocadeli Coatepeque;GRUPO 09;GT Sur;Guatemala;Preferencial;Rural
5.8.82;Bocadeli Huehuetenango;GRUPO 01;GT Sur;Guatemala;Preferencial;Foraneo
5.8.83;Bocadeli Huehuetenango;GRUPO 01;GT Sur;Guatemala;Preferencial;Foraneo
5.8.85;Bocadeli Huehuetenango;GRUPO 05;GT Sur;Guatemala;Preferencial;Foraneo
5.8.57;Bocadeli Coatepeque;GRUPO 11;GT Sur;Guatemala;Preferencial;Urbano
5.8.04;Bocadeli Huehuetenango;GRUPO 05;GT Sur;Guatemala;Preferencial;Rural
5.8.08;Bocadeli Quiche;GRUPO 06;GT Sur;Guatemala;Preferencial;Rural
5.8.31;Bocadeli Quiche;GRUPO 04;GT Sur;Guatemala;Preferencial;Rural
5.8.41;Bocadeli Quiche;GRUPO 04;GT Sur;Guatemala;Preferencial;Rural
5.8.81;Bocadeli Quiche;GRUPO 04;GT Sur;Guatemala;Preferencial;Foraneo
5.3.02;Bocadeli Quetzaltengo;GRUPO 02;GT Sur;Guatemala;Mayoreo;Contorno
5.3.04;Bocadeli Quetzaltengo;GRUPO 02;GT Sur;Guatemala;Mayoreo;Urbano
5.7.07;Bocadeli Quetzaltengo;GRUPO 06;GT Sur;Guatemala;Preferencial;Urbano
5.4.04;Bocadeli Quetzaltengo;GRUPO 07;GT Sur;Guatemala;Mayoreo;Foraneo
5.7.09;Bocadeli Quetzaltengo;GRUPO 02;GT Sur;Guatemala;Preferencial;Urbano
5.7.01;Bocadeli Quetzaltengo;GRUPO 06;GT Sur;Guatemala;Preferencial;Contorno
5.7.02;Bocadeli Quetzaltengo;GRUPO 02;GT Sur;Guatemala;Preferencial;Urbano
5.7.12;Bocadeli Quetzaltengo;GRUPO 06;GT Sur;Guatemala;Preferencial;Urbano
5.7.03;Bocadeli Quetzaltengo;GRUPO 06;GT Sur;Guatemala;Preferencial;Urbano
5.7.13;Bocadeli Quetzaltengo;GRUPO 06;GT Sur;Guatemala;Preferencial;Contorno
5.4.12;Bocadeli Coatepeque;GRUPO 08;GT Sur;Guatemala;Mayoreo;Foraneo
5.7.04;Bocadeli Quetzaltengo;GRUPO 02;GT Sur;Guatemala;Preferencial;Urbano
5.7.14;Bocadeli Quetzaltengo;GRUPO 02;GT Sur;Guatemala;Preferencial;Contorno
5.7.05;Bocadeli Quetzaltengo;GRUPO 02;GT Sur;Guatemala;Preferencial;Contorno
5.7.15;Bocadeli Quetzaltengo;GRUPO 02;GT Sur;Guatemala;Preferencial;Urbano
5.7.06;Bocadeli Quetzaltengo;GRUPO 02;GT Sur;Guatemala;Preferencial;Contorno
5.8.66;Bocadeli Coatepeque;GRUPO 07;GT Sur;Guatemala;Preferencial;Foraneo
5.8.39;Bocadeli Huehuetenango;GRUPO 05;GT Sur;Guatemala;Preferencial;Foraneo
5.8.73;Bocadeli Coatepeque;GRUPO 07;GT Sur;Guatemala;Preferencial;Foraneo
5.8.87;Bocadeli Huehuetenango;GRUPO 10;GT Sur;Guatemala;Preferencial;Contorno
5.8.88;Bocadeli Huehuetenango;GRUPO 06;GT Sur;Guatemala;Preferencial;Rural
5.8.48;Bocadeli Quetzaltengo;GRUPO 07;GT Sur;Guatemala;Preferencial;Rural
5.8.76;Bocadeli Coatepeque;GRUPO 03;GT Sur;Guatemala;Preferencial;Rural
5.9.02;Bocadeli Quetzaltengo;GRUPO 06;GT Sur;Guatemala;Dedicada;Urbano
5.8.37;Bocadeli Coatepeque;GRUPO 09;GT Sur;Guatemala;Preferencial;Contorno
5.4.02;Bocadeli Coatepeque;GRUPO 08;GT Sur;Guatemala;Mayoreo;Foraneo
5.9.04;Bocadeli Quetzaltengo;GRUPO 07;GT Sur;Guatemala;Dedicada;Foraneo
5.4.03;Bocadeli Coatepeque;GRUPO 08;GT Sur;Guatemala;Mayoreo;Foraneo
5.4.06;Bocadeli Coatepeque;GRUPO 08;GT Sur;Guatemala;Mayoreo;Urbano
5.9.05;Bocadeli Quetzaltengo;GRUPO 10;GT Sur;Guatemala;Dedicada;Urbano
5.9.06;Bocadeli Quetzaltengo;GRUPO 03;GT Sur;Guatemala;Dedicada;Sin zona asignada
5.9.03;Bocadeli Coatepeque;GRUPO 11;GT Sur;Guatemala;Dedicada;Urbano
5.4.09;Bocadeli Coatepeque;GRUPO 08;GT Sur;Guatemala;Mayoreo;Foraneo
5.8.79;Bocadeli Huehuetenango;GRUPO 05;GT Sur;Guatemala;Preferencial;Contorno
5.4.07;Bocadeli Huehuetenango;GRUPO 01;GT Sur;Guatemala;Mayoreo;Urbano
5.4.14;Bocadeli Huehuetenango;GRUPO 01;GT Sur;Guatemala;Mayoreo;Foraneo
5.4.05;Bocadeli Quiche;GRUPO 04;GT Sur;Guatemala;Mayoreo;Foraneo
5.4.08;Bocadeli Quiche;GRUPO 06;GT Sur;Guatemala;Mayoreo;Foraneo
5.8.20;Bocadeli Quiche;GRUPO 04;GT Sur;Guatemala;Preferencial;Rural
5.8.55;Bocadeli Quiche;GRUPO 04;GT Sur;Guatemala;Preferencial;Rural
5.8.77;Bocadeli Quiche;GRUPO 06;GT Sur;Guatemala;Preferencial;Rural
6.1.01;Bocadeli Chiquimula;GRUPO 01;GT Norte;Guatemala;Detalle;Rural
6.1.02;Bocadeli Chiquimula;GRUPO 07;GT Norte;Guatemala;Detalle;Foraneo
6.1.03;Bocadeli Chiquimula;GRUPO 01;GT Norte;Guatemala;Detalle;Foraneo
6.1.04;Bocadeli Chiquimula;GRUPO 01;GT Norte;Guatemala;Detalle;Rural
6.1.05;Bocadeli Chiquimula;GRUPO 07;GT Norte;Guatemala;Detalle;Foraneo
6.1.06;Bocadeli Chiquimula;GRUPO 01;GT Norte;Guatemala;Detalle;Urbano
6.1.07;Bocadeli Chiquimula;GRUPO 07;GT Norte;Guatemala;Detalle;Foraneo
6.1.08;Bocadeli Chiquimula;GRUPO 01;GT Norte;Guatemala;Detalle;Rural
6.1.09;Bocadeli Chiquimula;GRUPO 01;GT Norte;Guatemala;Detalle;Rural / Urbano
6.1.10;Bocadeli Chiquimula;GRUPO 07;GT Norte;Guatemala;Detalle;Foraneo
6.1.11;Bocadeli Chiquimula;GRUPO 07;GT Norte;Guatemala;Detalle;Foraneo
6.1.12;Bocadeli Chiquimula;GRUPO 01;GT Norte;Guatemala;Detalle;Urbano
6.1.13;Bocadeli Chiquimula;GRUPO 07;GT Norte;Guatemala;Detalle;Foraneo
6.1.14;Bocadeli Chiquimula;GRUPO 07;GT Norte;Guatemala;Detalle;Urbano
6.1.15;Bocadeli Chiquimula;GRUPO 01;GT Norte;Guatemala;Detalle;Rural / Urbano
6.1.16;Bocadeli Chiquimula;GRUPO 07;GT Norte;Guatemala;Detalle;Foraneo
6.1.17;Bocadeli Chiquimula;GRUPO 07;GT Norte;Guatemala;Detalle;Sin zona asignada
6.1.18;Bocadeli Chiquimula;GRUPO 01;GT Norte;Guatemala;Detalle;Urbano
6.1.19;Bocadeli Chiquimula;GRUPO 01;GT Norte;Guatemala;Detalle;Urbano
6.1.20;Bocadeli Chiquimula;GRUPO 07;GT Norte;Guatemala;Detalle;Sin zona asignada
6.2.08;Bocadeli Coban;GRUPO 02;GT Norte;Guatemala;Detalle;Foraneo
6.2.24;Bocadeli Coban;GRUPO 04;GT Norte;Guatemala;Detalle;Urbano
6.2.25;Bocadeli Coban;GRUPO 04;GT Norte;Guatemala;Detalle;Urbano
6.2.27;Bocadeli Coban;GRUPO 02;GT Norte;Guatemala;Detalle;Foraneo
6.2.29;Bocadeli Coban;GRUPO 03;GT Norte;Guatemala;Detalle;Urbano
6.2.30;Bocadeli Coban;GRUPO 04;GT Norte;Guatemala;Detalle;Rural
6.2.31;Bocadeli Coban;GRUPO 03;GT Norte;Guatemala;Detalle;Foraneo
6.2.32;Bocadeli Coban;GRUPO 03;GT Norte;Guatemala;Detalle;Urbano
6.2.34;Bocadeli Peten;GRUPO 05;GT Norte;Guatemala;Detalle;Urbano
6.2.35;Bocadeli Coban;GRUPO 04;GT Norte;Guatemala;Detalle;Urbano
6.2.36;Bocadeli Peten;GRUPO 06;GT Norte;Guatemala;Detalle;Urbano
6.2.37;Bocadeli Coban;GRUPO 03;GT Norte;Guatemala;Detalle;Foraneo
6.2.38;Bocadeli Peten;GRUPO 05;GT Norte;Guatemala;Detalle;Foraneo
6.2.39;Bocadeli Peten;GRUPO 06;GT Norte;Guatemala;Detalle;Foraneo
6.2.40;Bocadeli Peten;GRUPO 05;GT Norte;Guatemala;Detalle;Foraneo
6.2.43;Bocadeli Coban;GRUPO 03;GT Norte;Guatemala;Detalle;Foraneo
6.2.44;Bocadeli Coban;GRUPO 03;GT Norte;Guatemala;Detalle;Rural
6.2.47;Bocadeli Peten;GRUPO 06;GT Norte;Guatemala;Detalle;Sin zona asignada
6.2.48;Bocadeli Peten;GRUPO 05;GT Norte;Guatemala;Detalle;Rural
6.2.50;Bocadeli Peten;GRUPO 05;GT Norte;Guatemala;Detalle;Sin zona asignada
6.2.51;Bocadeli Peten;GRUPO 05;GT Norte;Guatemala;Detalle;Sin zona asignada
6.4.02;Bocadeli Chiquimula;GRUPO 07;GT Norte;Guatemala;Mayoreo;Foraneo
6.4.04;Bocadeli Chiquimula;GRUPO 07;GT Norte;Guatemala;Mayoreo;Foraneo
6.4.06;Bocadeli Coban;GRUPO 02;GT Norte;Guatemala;Mayoreo;Foraneo
6.4.08;Bocadeli Chiquimula;GRUPO 01;GT Norte;Guatemala;Mayoreo;Urbano
6.4.09;Bocadeli Coban;GRUPO 02;GT Norte;Guatemala;Mayoreo;Contorno
6.4.12;Bocadeli Coban;GRUPO 04;GT Norte;Guatemala;Mayoreo;Foraneo
6.4.13;Bocadeli Coban;GRUPO 03;GT Norte;Guatemala;Mayoreo;Foraneo
6.4.14;Bocadeli Peten;GRUPO 05;GT Norte;Guatemala;Mayoreo;Foraneo
6.8.04;Bocadeli Coban;GRUPO 04;GT Norte;Guatemala;Preferencial;Foraneo
6.8.16;Bocadeli Coban;GRUPO 03;GT Norte;Guatemala;Preferencial;Foraneo
6.8.18;Bocadeli Peten;GRUPO 06;GT Norte;Guatemala;Preferencial;Rural
6.8.19;Bocadeli Peten;GRUPO 06;GT Norte;Guatemala;Preferencial;Foraneo
6.8.21;Bocadeli Peten;GRUPO 05;GT Norte;Guatemala;Preferencial;Foraneo
6.8.22;Bocadeli Peten;GRUPO 05;GT Norte;Guatemala;Preferencial;Foraneo
6.8.23;Bocadeli Peten;GRUPO 06;GT Norte;Guatemala;Preferencial;Foraneo
6.8.24;Bocadeli Coban;GRUPO 03;GT Norte;Guatemala;Preferencial;Foraneo
6.8.32;Bocadeli Coban;GRUPO 04;GT Norte;Guatemala;Preferencial;Foraneo
6.8.33;Bocadeli Teculutan;GRUPO 08;GT Norte;Guatemala;Distribuidor;Rural
6.8.34;Bocadeli Chiquimula;GRUPO 07;GT Norte;Guatemala;Preferencial;Foraneo
6.8.35;Bocadeli Coban;GRUPO 02;GT Norte;Guatemala;Preferencial;Foraneo
6.8.48;Bocadeli Peten;GRUPO 05;GT Norte;Guatemala;Preferencial;Rural
6.8.49;Bocadeli Peten;GRUPO 05;GT Norte;Guatemala;Preferencial;Foraneo
6.8.50;Bocadeli Peten;GRUPO 06;GT Norte;Guatemala;Preferencial;Foraneo
6.8.51;Bocadeli Coban;GRUPO 04;GT Norte;Guatemala;Preferencial;Foraneo
6.8.52;Bocadeli Peten;GRUPO 06;GT Norte;Guatemala;Preferencial;Foraneo
6.8.53;Bocadeli Coban;GRUPO 03;GT Norte;Guatemala;Preferencial;Foraneo
6.8.54;Bocadeli Peten;GRUPO 05;GT Norte;Guatemala;Preferencial;Foraneo
6.8.57;Bocadeli Peten;GRUPO 06;GT Norte;Guatemala;Preferencial;Foraneo
6.8.58;Bocadeli Coban;GRUPO 03;GT Norte;Guatemala;Preferencial;Foraneo
6.8.59;Bocadeli Coban;GRUPO 04;GT Norte;Guatemala;Preferencial;Foraneo
6.8.60;Bocadeli Coban;GRUPO 02;GT Norte;Guatemala;Preferencial;Foraneo
6.8.61;Bocadeli Coban;GRUPO 02;GT Norte;Guatemala;Preferencial;Foraneo
7.2.68;Bocadeli San Pedro Sula;GRUPO 02;HN Norte;Honduras;Detalle;Foraneo
7.2.69;Bocadeli San Pedro Sula;GRUPO 05;HN Norte;Honduras;Detalle;Foraneo
7.2.74;Bocadeli San Pedro Sula;GRUPO 11;HN Norte;Honduras;Detalle;Rural
7.2.05;Bocadeli San Pedro Sula;GRUPO 01;HN Norte;Honduras;Detalle;Rural
7.2.23;Bocadeli San Pedro Sula;GRUPO 01;HN Norte;Honduras;Detalle;Rural
7.2.75;Bocadeli San Pedro Sula;GRUPO 11;HN Norte;Honduras;Detalle;Rural
7.2.26;Bocadeli San Pedro Sula;GRUPO 01;HN Norte;Honduras;Detalle;Rural
7.2.42;Bocadeli San Pedro Sula;GRUPO 04;HN Norte;Honduras;Detalle;Foraneo
7.2.53;Bocadeli San Pedro Sula;GRUPO 01;HN Norte;Honduras;Detalle;Rural
7.2.57;Bocadeli San Pedro Sula;GRUPO 05;HN Norte;Honduras;Detalle;Rural
7.2.59;Bocadeli San Pedro Sula;GRUPO 05;HN Norte;Honduras;Detalle;Foraneo
7.2.60;Bocadeli San Pedro Sula;GRUPO 03;HN Norte;Honduras;Detalle;Rural
7.2.61;Bocadeli Santa Rosa de Copan;GRUPO 09;HN Norte;Honduras;Detalle;Rural
7.2.66;Bocadeli Santa Rosa de Copan;GRUPO 08;HN Norte;Honduras;Detalle;Rural
7.2.72;Bocadeli Santa Rosa de Copan;GRUPO 08;HN Norte;Honduras;Detalle;Foraneo
7.1.23;Bocadeli San Pedro Sula;GRUPO 03;HN Norte;Honduras;Detalle;Contorno
7.2.64;Bocadeli San Pedro Sula;GRUPO 01;HN Norte;Honduras;Detalle;Rural
7.2.73;Bocadeli Santa Rosa de Copan;GRUPO 09;HN Norte;Honduras;Detalle;Rural
7.2.67;Bocadeli San Pedro Sula;GRUPO 01;HN Norte;Honduras;Detalle;Rural
7.2.22;Bocadeli La Ceiba;GRUPO 06;HN Norte;Honduras;Detalle;Urbano
7.2.28;Bocadeli La Ceiba;GRUPO 07;HN Norte;Honduras;Detalle;Rural
7.2.11;Bocadeli Santa Rosa de Copan;GRUPO 09;HN Norte;Honduras;Detalle;Urbano
7.2.58;Bocadeli Santa Rosa de Copan;GRUPO 08;HN Norte;Honduras;Detalle;Foraneo
7.2.34;Bocadeli La Ceiba;GRUPO 06;HN Norte;Honduras;Detalle;Urbano
7.2.41;Bocadeli La Ceiba;GRUPO 07;HN Norte;Honduras;Detalle;Rural
7.2.48;Bocadeli La Ceiba;GRUPO 06;HN Norte;Honduras;Detalle;Foraneo
7.2.62;Bocadeli La Ceiba;GRUPO 06;HN Norte;Honduras;Detalle;Urbano
7.2.65;Bocadeli La Ceiba;GRUPO 07;HN Norte;Honduras;Detalle;Rural
7.2.70;Bocadeli La Ceiba;GRUPO 06;HN Norte;Honduras;Detalle;Urbano
7.2.71;Bocadeli La Ceiba;GRUPO 07;HN Norte;Honduras;Detalle;Foraneo
7.1.11;Bocadeli San Pedro Sula;GRUPO 05;HN Norte;Honduras;Detalle;Foraneo
7.1.26;Bocadeli San Pedro Sula;GRUPO 04;HN Norte;Honduras;Detalle;Contorno
7.1.27;Bocadeli San Pedro Sula;GRUPO 05;HN Norte;Honduras;Detalle;Contorno
7.1.12;Bocadeli San Pedro Sula;GRUPO 05;HN Norte;Honduras;Detalle;Contorno
7.1.14;Bocadeli San Pedro Sula;GRUPO 04;HN Norte;Honduras;Detalle;Contorno
7.1.28;Bocadeli San Pedro Sula;GRUPO 03;HN Norte;Honduras;Detalle;Contorno
7.1.15;Bocadeli San Pedro Sula;GRUPO 02;HN Norte;Honduras;Detalle;Urbano
7.1.29;Bocadeli San Pedro Sula;GRUPO 01;HN Norte;Honduras;Detalle;Urbano
7.1.16;Bocadeli San Pedro Sula;GRUPO 11;HN Norte;Honduras;Detalle;Urbano
7.1.30;Bocadeli San Pedro Sula;GRUPO 03;HN Norte;Honduras;Detalle;Contorno
7.1.01;Bocadeli San Pedro Sula;GRUPO 11;HN Norte;Honduras;Detalle;Urbano
7.1.17;Bocadeli San Pedro Sula;GRUPO 01;HN Norte;Honduras;Detalle;Urbano
7.1.18;Bocadeli San Pedro Sula;GRUPO 01;HN Norte;Honduras;Detalle;Urbano
7.1.02;Bocadeli San Pedro Sula;GRUPO 11;HN Norte;Honduras;Detalle;Urbano
7.1.19;Bocadeli San Pedro Sula;GRUPO 11;HN Norte;Honduras;Detalle;Urbano
7.1.03;Bocadeli San Pedro Sula;GRUPO 02;HN Norte;Honduras;Detalle;Urbano
7.1.04;Bocadeli San Pedro Sula;GRUPO 04;HN Norte;Honduras;Detalle;Urbano
7.1.05;Bocadeli San Pedro Sula;GRUPO 03;HN Norte;Honduras;Detalle;Urbano
7.1.20;Bocadeli San Pedro Sula;GRUPO 03;HN Norte;Honduras;Detalle;Contorno
7.1.06;Bocadeli San Pedro Sula;GRUPO 04;HN Norte;Honduras;Detalle;Contorno
7.1.21;Bocadeli San Pedro Sula;GRUPO 04;HN Norte;Honduras;Detalle;Contorno
7.1.07;Bocadeli San Pedro Sula;GRUPO 02;HN Norte;Honduras;Detalle;Contorno
7.1.22;Bocadeli San Pedro Sula;GRUPO 03;HN Norte;Honduras;Detalle;Contorno
7.1.08;Bocadeli San Pedro Sula;GRUPO 03;HN Norte;Honduras;Detalle;Contorno
7.1.09;Bocadeli San Pedro Sula;GRUPO 03;HN Norte;Honduras;Detalle;Foraneo
7.1.24;Bocadeli San Pedro Sula;GRUPO 02;HN Norte;Honduras;Detalle;Urbano
7.1.10;Bocadeli San Pedro Sula;GRUPO 04;HN Norte;Honduras;Detalle;Contorno
7.1.25;Bocadeli San Pedro Sula;GRUPO 11;HN Norte;Honduras;Detalle;Urbano
7.8.22;Bocadeli San Pedro Sula;GRUPO 04;HN Norte;Honduras;Preferencial;Rural
7.8.24;Bocadeli San Pedro Sula;GRUPO 02;HN Norte;Honduras;Preferencial;Foraneo
7.8.30;Bocadeli San Pedro Sula;GRUPO 11;HN Norte;Honduras;Preferencial;Rural
7.8.31;Bocadeli San Pedro Sula;GRUPO 02;HN Norte;Honduras;Preferencial;Rural
7.8.35;Bocadeli San Pedro Sula;GRUPO 05;HN Norte;Honduras;Preferencial;Foraneo
7.8.36;Bocadeli San Pedro Sula;GRUPO 05;HN Norte;Honduras;Preferencial;Rural
7.8.43;Bocadeli San Pedro Sula;GRUPO 01;HN Norte;Honduras;Preferencial;Rural
7.8.44;Bocadeli San Pedro Sula;GRUPO 02;HN Norte;Honduras;Preferencial;Foraneo
7.8.52;Bocadeli Santa Rosa de Copan;GRUPO 09;HN Norte;Honduras;Preferencial;Rural
7.8.54;Bocadeli Santa Rosa de Copan;GRUPO 08;HN Norte;Honduras;Preferencial;Rural
7.8.06;Bocadeli San Pedro Sula;GRUPO 04;HN Norte;Honduras;Preferencial;Rural
7.8.08;Bocadeli San Pedro Sula;GRUPO 11;HN Norte;Honduras;Preferencial;Rural
7.8.10;Bocadeli La Ceiba;GRUPO 07;HN Norte;Honduras;Preferencial;Foraneo
7.8.15;Bocadeli La Ceiba;GRUPO 07;HN Norte;Honduras;Preferencial;Foraneo
7.8.01;Bocadeli Santa Rosa de Copan;GRUPO 09;HN Norte;Honduras;Preferencial;Rural
7.8.12;Bocadeli San Pedro Sula;GRUPO 05;HN Norte;Honduras;Preferencial;Foraneo
7.8.16;Bocadeli La Ceiba;GRUPO 06;HN Norte;Honduras;Preferencial;Foraneo
7.8.13;Bocadeli San Pedro Sula;GRUPO 01;HN Norte;Honduras;Preferencial;Rural
7.8.20;Bocadeli La Ceiba;GRUPO 06;HN Norte;Honduras;Preferencial;Urbano
7.8.18;Bocadeli San Pedro Sula;GRUPO 02;HN Norte;Honduras;Preferencial;Foraneo
7.8.21;Bocadeli La Ceiba;GRUPO 07;HN Norte;Honduras;Preferencial;Rural
7.8.38;Bocadeli La Ceiba;GRUPO 07;HN Norte;Honduras;Preferencial;Rural
7.8.02;Bocadeli Santa Rosa de Copan;GRUPO 08;HN Norte;Honduras;Preferencial;Rural
7.8.03;Bocadeli Santa Rosa de Copan;GRUPO 08;HN Norte;Honduras;Preferencial;Foraneo
7.8.39;Bocadeli La Ceiba;GRUPO 06;HN Norte;Honduras;Preferencial;Rural
7.8.07;Bocadeli Santa Rosa de Copan;GRUPO 08;HN Norte;Honduras;Preferencial;Rural
7.8.09;Bocadeli Santa Rosa de Copan;GRUPO 09;HN Norte;Honduras;Preferencial;Foraneo
7.8.45;Bocadeli La Ceiba;GRUPO 06;HN Norte;Honduras;Preferencial;Foraneo
7.8.55;Bocadeli La Ceiba;GRUPO 06;HN Norte;Honduras;Preferencial;Rural
7.8.17;Bocadeli Santa Rosa de Copan;GRUPO 08;HN Norte;Honduras;Preferencial;Rural
7.8.46;Bocadeli Santa Rosa de Copan;GRUPO 08;HN Norte;Honduras;Preferencial;Rural
7.8.56;Bocadeli La Ceiba;GRUPO 07;HN Norte;Honduras;Preferencial;Rural
7.8.47;Bocadeli Santa Rosa de Copan;GRUPO 09;HN Norte;Honduras;Preferencial;Rural
7.8.04;Bocadeli La Ceiba;GRUPO 07;HN Norte;Honduras;Preferencial;Rural
7.8.50;Bocadeli Santa Rosa de Copan;GRUPO 08;HN Norte;Honduras;Preferencial;Rural
7.3.01;Bocadeli San Pedro Sula;GRUPO 10;HN Norte;Honduras;Mayoreo;Urbano
7.3.02;Bocadeli San Pedro Sula;GRUPO 10;HN Norte;Honduras;Mayoreo;Contorno
7.3.03;Bocadeli San Pedro Sula;GRUPO 10;HN Norte;Honduras;Mayoreo;Contorno
7.8.51;Bocadeli San Pedro Sula;GRUPO 05;HN Norte;Honduras;Preferencial;Rural
7.4.03;Bocadeli San Pedro Sula;GRUPO 10;HN Norte;Honduras;Mayoreo;Urbano
7.7.04;Bocadeli San Pedro Sula;GRUPO 03;HN Norte;Honduras;Preferencial;Rural
7.9.04;Bocadeli San Pedro Sula;GRUPO 10;HN Norte;Honduras;Supermercados;Urbano
7.7.45;Bocadeli San Pedro Sula;GRUPO 03;HN Norte;Honduras;Preferencial;Contorno
7.9.07;Bocadeli San Pedro Sula;GRUPO 02;HN Norte;Honduras;Dedicada;Urbano
7.9.06;Bocadeli Santa Rosa de Copan;GRUPO 09;HN Norte;Honduras;Supermercados;Urbano
7.4.04;Bocadeli Santa Rosa de Copan;GRUPO 09;HN Norte;Honduras;Mayoreo;Urbano
7.9.08;Bocadeli San Pedro Sula;GRUPO 10;HN Norte;Honduras;Dedicada;Urbano
7.4.05;Bocadeli Santa Rosa de Copan;GRUPO 09;HN Norte;Honduras;Mayoreo;Urbano
7.4.01;Bocadeli La Ceiba;GRUPO 07;HN Norte;Honduras;Mayoreo;Urbano
7.4.02;Bocadeli La Ceiba;GRUPO 06;HN Norte;Honduras;Mayoreo;Urbano
7.9.05;Bocadeli La Ceiba;GRUPO 06;HN Norte;Honduras;Supermercados;Urbano
8.1.01;Bocadeli Tegucigalpa;GRUPO 07;HN Sur;Honduras;Detalle;Urbano
8.1.02;Bocadeli Tegucigalpa;GRUPO 07;HN Sur;Honduras;Detalle;Urbano
8.1.03;Bocadeli Tegucigalpa;GRUPO 07;HN Sur;Honduras;Detalle;Urbano
8.1.06;Bocadeli Tegucigalpa;GRUPO 07;HN Sur;Honduras;Detalle;Contorno
8.1.07;Bocadeli Tegucigalpa;GRUPO 07;HN Sur;Honduras;Detalle;Urbano
8.1.08;Bocadeli Tegucigalpa;GRUPO 11;HN Sur;Honduras;Detalle;Urbano
8.1.11;Bocadeli Tegucigalpa;GRUPO 09;HN Sur;Honduras;Detalle;Foraneo
8.1.12;Bocadeli Tegucigalpa;GRUPO 07;HN Sur;Honduras;Detalle;Contorno
8.1.14;Bocadeli Tegucigalpa;GRUPO 11;HN Sur;Honduras;Detalle;Urbano
8.1.15;Bocadeli Tegucigalpa;GRUPO 11;HN Sur;Honduras;Detalle;Urbano
8.1.17;Bocadeli Tegucigalpa;GRUPO 09;HN Sur;Honduras;Detalle;Urbano
8.1.18;Bocadeli Tegucigalpa;GRUPO 11;HN Sur;Honduras;Detalle;Urbano
8.1.21;Bocadeli Tegucigalpa;GRUPO 07;HN Sur;Honduras;Detalle;Contorno
8.1.25;Bocadeli Tegucigalpa;GRUPO 11;HN Sur;Honduras;Detalle;Urbano
8.1.30;Bocadeli Tegucigalpa;GRUPO 11;HN Sur;Honduras;Detalle;Contorno
8.1.31;Bocadeli Tegucigalpa;GRUPO 09;HN Sur;Honduras;Detalle;Urbano
8.1.32;Bocadeli Tegucigalpa;GRUPO 11;HN Sur;Honduras;Detalle;Urbano
8.1.33;Bocadeli Tegucigalpa;GRUPO 09;HN Sur;Honduras;Detalle;Contorno
8.1.34;Bocadeli Tegucigalpa;GRUPO 06;HN Sur;Honduras;Detalle;Foraneo
8.1.35;Bocadeli Tegucigalpa;GRUPO 06;HN Sur;Honduras;Detalle;Contorno
8.1.36;Bocadeli Tegucigalpa;GRUPO 07;HN Sur;Honduras;Detalle;Urbano
8.1.37;Bocadeli Tegucigalpa;GRUPO 06;HN Sur;Honduras;Detalle;Contorno
8.1.38;Bocadeli Tegucigalpa;GRUPO 07;HN Sur;Honduras;Detalle;Urbano
8.1.39;Bocadeli Tegucigalpa;GRUPO 11;HN Sur;Honduras;Detalle;Urbano
8.1.40;Bocadeli Tegucigalpa;GRUPO 09;HN Sur;Honduras;Detalle;Foraneo
8.2.01;Bocadeli Comayagua;GRUPO 08;HN Sur;Honduras;Detalle;Rural
8.2.03;Bocadeli Choluteca;GRUPO 10;HN Sur;Honduras;Detalle;Urbano
8.2.09;Bocadeli Choluteca;GRUPO 10;HN Sur;Honduras;Detalle;Urbano
8.2.10;Bocadeli Choluteca;GRUPO 10;HN Sur;Honduras;Detalle;Urbano
8.2.11;Bocadeli Olancho;GRUPO 03;HN Sur;Honduras;Detalle;Rural
8.2.12;Bocadeli Danli;GRUPO 02;HN Sur;Honduras;Detalle;Foraneo
8.2.13;Bocadeli Choluteca;GRUPO 01;HN Sur;Honduras;Detalle;Contorno
8.2.14;Bocadeli Danli;GRUPO 02;HN Sur;Honduras;Detalle;Foraneo
8.2.15;Bocadeli Comayagua;GRUPO 08;HN Sur;Honduras;Detalle;Foraneo
8.2.16;Bocadeli Comayagua;GRUPO 05;HN Sur;Honduras;Detalle;Foraneo
8.2.17;Bocadeli Danli;GRUPO 02;HN Sur;Honduras;Detalle;Foraneo
8.2.18;Bocadeli Olancho;GRUPO 03;HN Sur;Honduras;Detalle;Foraneo
8.2.19;Bocadeli Choluteca;GRUPO 01;HN Sur;Honduras;Detalle;Contorno
8.2.20;Bocadeli Choluteca;GRUPO 10;HN Sur;Honduras;Detalle;Contorno
8.3.01;Bocadeli Tegucigalpa;GRUPO 04;HN Sur;Honduras;Mayoreo;Urbano
8.3.02;Bocadeli Tegucigalpa;GRUPO 04;HN Sur;Honduras;Mayoreo;Urbano
8.4.01;Bocadeli Comayagua;GRUPO 08;HN Sur;Honduras;Mayoreo;Urbano
8.4.02;Bocadeli Comayagua;GRUPO 05;HN Sur;Honduras;Mayoreo;Urbano
8.4.03;Bocadeli Choluteca;GRUPO 01;HN Sur;Honduras;Mayoreo;Urbano
8.4.04;Bocadeli Danli;GRUPO 02;HN Sur;Honduras;Mayoreo;Urbano
8.4.05;Bocadeli Olancho;GRUPO 03;HN Sur;Honduras;Mayoreo;Urbano
8.4.08;Bocadeli Danli;GRUPO 02;HN Sur;Honduras;Mayoreo;Foraneo
8.7.02;Bocadeli Tegucigalpa;GRUPO 09;HN Sur;Honduras;Preferencial;Foraneo
8.7.04;Bocadeli Tegucigalpa;GRUPO 06;HN Sur;Honduras;Preferencial;Urbano
8.7.05;Bocadeli Tegucigalpa;GRUPO 07;HN Sur;Honduras;Preferencial;Contorno
8.7.13;Bocadeli Tegucigalpa;GRUPO 09;HN Sur;Honduras;Preferencial;Foraneo
8.7.21;Bocadeli Tegucigalpa;GRUPO 09;HN Sur;Honduras;Preferencial;Urbano
8.7.22;Bocadeli Tegucigalpa;GRUPO 09;HN Sur;Honduras;Preferencial;Urbano
8.7.28;Bocadeli Tegucigalpa;GRUPO 06;HN Sur;Honduras;Preferencial;Contorno
8.7.33;Bocadeli Tegucigalpa;GRUPO 06;HN Sur;Honduras;Preferencial;Contorno
8.7.34;Bocadeli Tegucigalpa;GRUPO 06;HN Sur;Honduras;Preferencial;Foraneo
8.7.36;Bocadeli Tegucigalpa;GRUPO 06;HN Sur;Honduras;Preferencial;Urbano
8.8.01;Bocadeli Danli;GRUPO 02;HN Sur;Honduras;Preferencial;Rural
8.8.02;Bocadeli Choluteca;GRUPO 01;HN Sur;Honduras;Preferencial;Rural
8.8.03;Bocadeli Choluteca;GRUPO 10;HN Sur;Honduras;Preferencial;Urbano
8.8.04;Bocadeli Choluteca;GRUPO 10;HN Sur;Honduras;Preferencial;Rural
8.8.06;Bocadeli Comayagua;GRUPO 08;HN Sur;Honduras;Preferencial;Urbano
8.8.08;Bocadeli Comayagua;GRUPO 05;HN Sur;Honduras;Preferencial;Rural
8.8.09;Bocadeli Olancho;GRUPO 03;HN Sur;Honduras;Preferencial;Rural
8.8.12;Bocadeli Olancho;GRUPO 03;HN Sur;Honduras;Preferencial;Urbano
8.8.13;Bocadeli Olancho;GRUPO 03;HN Sur;Honduras;Preferencial;Rural
8.8.14;Bocadeli Danli;GRUPO 02;HN Sur;Honduras;Preferencial;Rural
8.8.15;Bocadeli Choluteca;GRUPO 10;HN Sur;Honduras;Preferencial;Foraneo
8.8.17;Bocadeli Olancho;GRUPO 03;HN Sur;Honduras;Preferencial;Rural
8.8.18;Bocadeli Choluteca;GRUPO 01;HN Sur;Honduras;Preferencial;Urbano
8.8.19;Bocadeli Choluteca;GRUPO 01;HN Sur;Honduras;Preferencial;Rural
8.8.21;Bocadeli Comayagua;GRUPO 05;HN Sur;Honduras;Preferencial;Rural
8.8.22;Bocadeli Comayagua;GRUPO 08;HN Sur;Honduras;Preferencial;Rural
8.8.23;Bocadeli Danli;GRUPO 02;HN Sur;Honduras;Preferencial;Foraneo
8.8.24;Bocadeli Olancho;GRUPO 03;HN Sur;Honduras;Preferencial;Rural
8.8.25;Bocadeli Choluteca;GRUPO 01;HN Sur;Honduras;Preferencial;Rural
8.8.26;Bocadeli Comayagua;GRUPO 05;HN Sur;Honduras;Preferencial;Rural
8.8.27;Bocadeli Choluteca;GRUPO 10;HN Sur;Honduras;Preferencial;Foraneo
8.8.28;Bocadeli Choluteca;GRUPO 01;HN Sur;Honduras;Preferencial;Rural
8.8.31;Bocadeli Comayagua;GRUPO 05;HN Sur;Honduras;Preferencial;Rural
8.8.33;Bocadeli Danli;GRUPO 02;HN Sur;Honduras;Preferencial;Rural
8.8.34;Bocadeli Danli;GRUPO 02;HN Sur;Honduras;Preferencial;Foraneo
8.8.36;Bocadeli Choluteca;GRUPO 10;HN Sur;Honduras;Preferencial;Urbano
8.8.37;Bocadeli Comayagua;GRUPO 08;HN Sur;Honduras;Preferencial;Rural
8.8.38;Bocadeli Comayagua;GRUPO 08;HN Sur;Honduras;Preferencial;Urbano
8.8.39;Bocadeli Olancho;GRUPO 03;HN Sur;Honduras;Preferencial;Rural
8.8.40;Bocadeli Olancho;GRUPO 03;HN Sur;Honduras;Preferencial;Rural
8.8.41;Bocadeli Comayagua;GRUPO 05;HN Sur;Honduras;Preferencial;Rural
8.8.42;Bocadeli Danli;GRUPO 02;HN Sur;Honduras;Preferencial;Foraneo
8.8.43;Bocadeli Comayagua;GRUPO 05;HN Sur;Honduras;Preferencial;Rural
8.8.44;Bocadeli Comayagua;GRUPO 08;HN Sur;Honduras;Preferencial;Urbano
8.8.45;Bocadeli Comayagua;GRUPO 08;HN Sur;Honduras;Preferencial;Urbano
8.8.47;Bocadeli Comayagua;GRUPO 08;HN Sur;Honduras;Preferencial;Rural
8.9.01;Bocadeli Tegucigalpa;GRUPO 04;HN Sur;Honduras;Supermercados;Urbano
8.9.02;Bocadeli Tegucigalpa;GRUPO 04;HN Sur;Honduras;Supermercados;Urbano
8.9.03;Bocadeli Tegucigalpa;GRUPO 04;HN Sur;Honduras;Dedicada;Urbano
8.9.04;Bocadeli Tegucigalpa;GRUPO 04;HN Sur;Honduras;Dedicada;Urbano
8.9.05;Bocadeli Olancho;GRUPO 03;HN Sur;Honduras;Dedicada;Contorno
8.9.06;Bocadeli Danli;GRUPO 02;HN Sur;Honduras;Dedicada;Contorno
8.9.07;Bocadeli Choluteca;GRUPO 01;HN Sur;Honduras;Dedicada;Contorno
8.9.08;Bocadeli Comayagua;GRUPO 08;HN Sur;Honduras;Dedicada;Contorno
8.9.09;Bocadeli Comayagua;GRUPO 05;HN Sur;Honduras;Dedicada;Contorno
8.9.10;Bocadeli Danli;GRUPO 02;HN Sur;Honduras;Dedicada;Contorno
8.9.11;Bocadeli Olancho;GRUPO 03;HN Sur;Honduras;Dedicada;Foraneo
8.9.12;Bocadeli Choluteca;GRUPO 10;HN Sur;Honduras;Dedicada;Foraneo
